Predicted Class	Path
front ear tearing	dependencies/dataset\Sorted_Images_II\test\00P2E00001gkjI2UAI.jpg
front ear tearing	dependencies/dataset\Sorted_Images_II\test\00P2E00001hE38bUAC.jpg
Other	dependencies/dataset\Sorted_Images_II\test\00P2E00001hBeucUAC.jpg
tape tearing	dependencies/dataset\Sorted_Images_II\test\0692E000009ul7UQAQ.jpg
Other	dependencies/dataset\Sorted_Images_II\test\00P2E00001gm7lzUAA.jpg
front ear tearing	dependencies/dataset\Sorted_Images_II\test\00P2E00001hENC7UAO.jpg
back ear tearing	dependencies/dataset\Sorted_Images_II\test\00P2E00001hE3evUAC.jpg
back ear tearing	dependencies/dataset\Sorted_Images_II\test\00P2E00001hBwCBUA0.jpg
back ear tearing	dependencies/dataset\Sorted_Images_II\test\00P2E00001glF3JUAU.jpg
back ear tearing	dependencies/dataset\Sorted_Images_II\test\00P2E00001hBKTIUA4.jpg
back ear tearing	dependencies/dataset\Sorted_Images_II\test\00P2E00001glicAUAQ.jpg
front ear tearing	dependencies/dataset\Sorted_Images_II\test\00P2E00001glxa0UAA.jpg
back ear tearing	dependencies/dataset\Sorted_Images_II\test\00P2E00001gjQHOUA2.jpg
Other	dependencies/dataset\Sorted_Images_II\test\00P2E00001gjCZXUA2.jpg
tape tearing	dependencies/dataset\Sorted_Images_II\test\00P2E00001hBhB4UAK.jpg
back ear tearing	dependencies/dataset\Sorted_Images_II\test\00P2E00001hBZj5UAG.jpg
Other	dependencies/dataset\Sorted_Images_II\test\00P2E00001hDemSUAS.jpg
tape tearing	dependencies/dataset\Sorted_Images_II\test\00P2E00001hE0QoUAK.jpg
back ear tearing	dependencies/dataset\Sorted_Images_II\test\00P2E00001hBJgJUAW.jpg
front ear tearing	dependencies/dataset\Sorted_Images_II\test\00P2E00001hBuPzUAK.jpg
back ear tearing	dependencies/dataset\Sorted_Images_II\test\00P2E00001hCheUUAS.jpg
back ear tearing	dependencies/dataset\Sorted_Images_II\test\00P2E00001hBvlDUAS.jpg
back ear tearing	dependencies/dataset\Sorted_Images_II\test\00P2E00001hEuABUA0.jpg
tape tearing	dependencies/dataset\Sorted_Images_II\test\00P2E00001gk7jhUAA.jpg
tape tearing	dependencies/dataset\Sorted_Images_II\test\00P2E00001hETtcUAG.jpg
tape tearing	dependencies/dataset\Sorted_Images_II\test\00P2E00001gjp0jUAA.jpg
Other	dependencies/dataset\Sorted_Images_II\test\00P2E00001hC90jUAC.jpg
back ear tearing	dependencies/dataset\Sorted_Images_II\test\00P2E00001hCZAoUAO.jpg
tape tearing	dependencies/dataset\Sorted_Images_II\test\00P2E00001hE8CXUA0.jpg
Other	dependencies/dataset\Sorted_Images_II\test\00P2E00001hEuWFUA0.jpg
Other	dependencies/dataset\Sorted_Images_II\test\00P2E00001hDyinUAC.jpg
front ear tearing	dependencies/dataset\Sorted_Images_II\test\00P2E00001hE3PTUA0.jpg
Other	dependencies/dataset\Sorted_Images_II\test\00P2E00001hE4cnUAC.jpg
Other	dependencies/dataset\Sorted_Images_II\test\00P2E00001hBRmEUAW.jpg
Other	dependencies/dataset\Sorted_Images_II\test\00P2E00001hExbKUAS.jpg
back ear tearing	dependencies/dataset\Sorted_Images_II\test\00P2E00001gjQOeUAM.jpg
back ear tearing	dependencies/dataset\Sorted_Images_II\test\0692E000009Fe1SQAS.jpg
front ear tearing	dependencies/dataset\Sorted_Images_II\test\00P2E00001hE2AMUA0.jpg
Other	dependencies/dataset\Sorted_Images_II\test\00P2E00001hE5AkUAK.jpg
tape tearing	dependencies/dataset\Sorted_Images_II\test\00P2E00001gjff5UAA.jpg
tape tearing	dependencies/dataset\Sorted_Images_II\test\00P2E00001hESqeUAG.jpg
front ear tearing	dependencies/dataset\Sorted_Images_II\test\00P2E00001hELA7UAO.jpg
tape tearing	dependencies/dataset\Sorted_Images_II\test\00P2E00001hE0EeUAK.jpg
back ear tearing	dependencies/dataset\Sorted_Images_II\test\0692E000009F0dRQAS.jpg
front ear tearing	dependencies/dataset\Sorted_Images_II\test\0692E000009ukw2QAA.jpg
tape tearing	dependencies/dataset\Sorted_Images_II\test\00P2E00001hE0EiUAK.jpg
back ear tearing	dependencies/dataset\Sorted_Images_II\test\00P2E00001glYTPUA2.jpg
tape tearing	dependencies/dataset\Sorted_Images_II\test\00P2E00001hEKaBUAW.jpg
front ear tearing	dependencies/dataset\Sorted_Images_II\test\00P2E00001hCaRAUA0.jpg
Other	dependencies/dataset\Sorted_Images_II\test\00P2E00001hEOlfUAG.jpg
front ear tearing	dependencies/dataset\Sorted_Images_II\test\00P2E00001gjj8vUAA.jpg
back ear tearing	dependencies/dataset\Sorted_Images_II\test\00P2E00001hCj9BUAS.jpg
back ear tearing	dependencies/dataset\Sorted_Images_II\test\00P2E00001glic9UAA.jpg
front ear tearing	dependencies/dataset\Sorted_Images_II\test\00P2E00001hF8cqUAC.jpg
front ear tearing	dependencies/dataset\Sorted_Images_II\test\00P2E00001hD6CLUA0.jpg
back ear tearing	dependencies/dataset\Sorted_Images_II\test\00P2E00001hE3MTUA0.jpg
back ear tearing	dependencies/dataset\Sorted_Images_II\test\00P2E00001hE7mSUAS.jpg
back ear tearing	dependencies/dataset\Sorted_Images_II\test\00P2E00001hEYsNUAW.jpg
back ear tearing	dependencies/dataset\Sorted_Images_II\test\00P2E00001hEr9gUAC.jpg
front ear tearing	dependencies/dataset\Sorted_Images_II\test\00P2E00001hEpjnUAC.jpg
back ear tearing	dependencies/dataset\Sorted_Images_II\test\00P2E00001hBeIVUA0.jpg
Other	dependencies/dataset\Sorted_Images_II\test\00P2E00001hESqhUAG.jpg
front ear tearing	dependencies/dataset\Sorted_Images_II\test\00P2E00001hCZK9UAO.jpg
back ear tearing	dependencies/dataset\Sorted_Images_II\test\00P2E00001hCutjUAC.jpg
tape tearing	dependencies/dataset\Sorted_Images_II\test\00P2E00001hBv6wUAC.jpg
Other	dependencies/dataset\Sorted_Images_II\test\0692E000009v2ZuQAI.jpg
Other	dependencies/dataset\Sorted_Images_II\test\00P2E00001hE5JlUAK.jpg
front ear tearing	dependencies/dataset\Sorted_Images_II\test\0692E000009vCVJQA2.jpg
Other	dependencies/dataset\Sorted_Images_II\test\00P2E00001hEHDWUA4.jpg
back ear tearing	dependencies/dataset\Sorted_Images_II\test\00P2E00001hE5EGUA0.jpg
back ear tearing	dependencies/dataset\Sorted_Images_II\test\00P2E00001hCheSUAS.jpg
front ear tearing	dependencies/dataset\Sorted_Images_II\test\00P2E00001hBfYTUA0.jpg
tape tearing	dependencies/dataset\Sorted_Images_II\test\00P2E00001hCEuGUAW.jpg
Other	dependencies/dataset\Sorted_Images_II\test\00P2E00001gjRhRUAU.jpg
Other	dependencies/dataset\Sorted_Images_II\test\00P2E00001hE4o5UAC.jpg
front ear tearing	dependencies/dataset\Sorted_Images_II\test\00P2E00001hDybWUAS.jpg
Other	dependencies/dataset\Sorted_Images_II\test\00P2E00001hDyI5UAK.jpg
back ear tearing	dependencies/dataset\Sorted_Images_II\test\00P2E00001hEYsMUAW.jpg
Other	dependencies/dataset\Sorted_Images_II\test\00P2E00001gktWuUAI.jpg
back ear tearing	dependencies/dataset\Sorted_Images_II\test\00P2E00001gjIoNUAU.jpg
tape tearing	dependencies/dataset\Sorted_Images_II\test\00P2E00001hE5RgUAK.jpg
Other	dependencies/dataset\Sorted_Images_II\test\00P2E00001gll5aUAA.jpg
back ear tearing	dependencies/dataset\Sorted_Images_II\test\00P2E00001gl6nfUAA.jpg
back ear tearing	dependencies/dataset\Sorted_Images_II\test\00P2E00001hBleEUAS.jpg
tape tearing	dependencies/dataset\Sorted_Images_II\test\00P2E00001hChOXUA0.jpg
tape tearing	dependencies/dataset\Sorted_Images_II\test\00P2E00001hBv5aUAC.jpg
back ear tearing	dependencies/dataset\Sorted_Images_II\test\00P2E00001hBeQgUAK.jpg
back ear tearing	dependencies/dataset\Sorted_Images_II\test\00P2E00001hE5MxUAK.jpg
tape tearing	dependencies/dataset\Sorted_Images_II\test\00P2E00001hEiOYUA0.jpg
back ear tearing	dependencies/dataset\Sorted_Images_II\test\00P2E00001hBv6NUAS.jpg
Other	dependencies/dataset\Sorted_Images_II\test\00P2E00001hDs3tUAC.jpg
tape tearing	dependencies/dataset\Sorted_Images_II\test\00P2E00001hENe9UAG.jpg
back ear tearing	dependencies/dataset\Sorted_Images_II\test\00P2E00001gl6niUAA.jpg
Other	dependencies/dataset\Sorted_Images_II\test\00P2E00001hDz40UAC.jpg
back ear tearing	dependencies/dataset\Sorted_Images_II\test\00P2E00001hC90mUAC.jpg
back ear tearing	dependencies/dataset\Sorted_Images_II\test\00P2E00001hE3CfUAK.jpg
Other	dependencies/dataset\Sorted_Images_II\test\00P2E00001hE36iUAC.jpg
front ear tearing	dependencies/dataset\Sorted_Images_II\test\00P2E00001hC2dpUAC.jpg
front ear tearing	dependencies/dataset\Sorted_Images_II\test\00P2E00001hF8cpUAC.jpg
Other	dependencies/dataset\Sorted_Images_II\test\00P2E00001hENeCUAW.jpg
Other	dependencies/dataset\Sorted_Images_II\test\00P2E00001hERReUAO.jpg
Other	dependencies/dataset\Sorted_Images_II\test\00P2E00001gllAEUAY.jpg
Other	dependencies/dataset\Sorted_Images_II\test\00P2E00001hEUmLUAW.jpg
front ear tearing	dependencies/dataset\Sorted_Images_II\test\00P2E00001hBQTBUA4.jpg
back ear tearing	dependencies/dataset\Sorted_Images_II\test\0692E000009usdOQAQ.jpg
front ear tearing	dependencies/dataset\Sorted_Images_II\test\00P2E00001hDyo4UAC.jpg
Other	dependencies/dataset\Sorted_Images_II\test\00P2E00001glJePUAU.jpg
back ear tearing	dependencies/dataset\Sorted_Images_II\test\00P2E00001hE3pxUAC.jpg
tape tearing	dependencies/dataset\Sorted_Images_II\test\00P2E00001hE3ERUA0.jpg
Other	dependencies/dataset\Sorted_Images_II\test\00P2E00001hFLUkUAO.jpg
front ear tearing	dependencies/dataset\Sorted_Images_II\test\00P2E00001hCaaEUAS.jpg
back ear tearing	dependencies/dataset\Sorted_Images_II\test\00P2E00001glzgIUAQ.jpg
Other	dependencies/dataset\Sorted_Images_II\test\00P2E00001gk8jAUAQ.jpg
Other	dependencies/dataset\Sorted_Images_II\test\00P2E00001hE51lUAC.jpg
front ear tearing	dependencies/dataset\Sorted_Images_II\test\00P2E00001hCZK8UAO.jpg
back ear tearing	dependencies/dataset\Sorted_Images_II\test\00P2E00001hBuarUAC.jpg
tape tearing	dependencies/dataset\Sorted_Images_II\test\00P2E00001hBPqgUAG.jpg
back ear tearing	dependencies/dataset\Sorted_Images_II\test\00P2E00001gk71aUAA.jpg
tape tearing	dependencies/dataset\Sorted_Images_II\test\00P2E00001hE7a8UAC.jpg
back ear tearing	dependencies/dataset\Sorted_Images_II\test\00P2E00001gkUHWUA2.jpg
tape tearing	dependencies/dataset\Sorted_Images_II\test\00P2E00001hDyUnUAK.jpg
Other	dependencies/dataset\Sorted_Images_II\test\00P2E00001hCvxEUAS.jpg
back ear tearing	dependencies/dataset\Sorted_Images_II\test\00P2E00001glDfXUAU.jpg
front ear tearing	dependencies/dataset\Sorted_Images_II\test\00P2E00001hDyo3UAC.jpg
back ear tearing	dependencies/dataset\Sorted_Images_II\test\00P2E00001hCvZHUA0.jpg
front ear tearing	dependencies/dataset\Sorted_Images_II\test\00P2E00001glKCyUAM.jpg
back ear tearing	dependencies/dataset\Sorted_Images_II\test\00P2E00001hDfKyUAK.jpg
back ear tearing	dependencies/dataset\Sorted_Images_II\test\00P2E00001hETCCUA4.jpg
tape tearing	dependencies/dataset\Sorted_Images_II\test\00P2E00001glT7YUAU.jpg
front ear tearing	dependencies/dataset\Sorted_Images_II\test\00P2E00001glGLbUAM.jpg
Other	dependencies/dataset\Sorted_Images_II\test\00P2E00001glDWnUAM.jpg
tape tearing	dependencies/dataset\Sorted_Images_II\test\00P2E00001hE09JUAS.jpg
Other	dependencies/dataset\Sorted_Images_II\test\00P2E00001hEKBpUAO.jpg
Other	dependencies/dataset\Sorted_Images_II\test\00P2E00001hBLiqUAG.jpg
tape tearing	dependencies/dataset\Sorted_Images_II\test\00P2E00001hFKH0UAO.jpg
tape tearing	dependencies/dataset\Sorted_Images_II\test\0692E000009urQHQAY.jpg
front ear tearing	dependencies/dataset\Sorted_Images_II\test\0692E000009utIEQAY.jpg
tape tearing	dependencies/dataset\Sorted_Images_II\test\00P2E00001gjBW6UAM.jpg
Other	dependencies/dataset\Sorted_Images_II\test\00P2E00001hBeeTUAS.jpg
Other	dependencies/dataset\Sorted_Images_II\test\0692E000009ut1dQAA.jpg
Other	dependencies/dataset\Sorted_Images_II\test\00P2E00001hDyctUAC.jpg
tape tearing	dependencies/dataset\Sorted_Images_II\test\00P2E00001hE5RiUAK.jpg
tape tearing	dependencies/dataset\Sorted_Images_II\test\00P2E00001hD2bHUAS.jpg
front ear tearing	dependencies/dataset\Sorted_Images_II\test\00P2E00001hBeNVUA0.jpg
back ear tearing	dependencies/dataset\Sorted_Images_II\test\00P2E00001hEuAAUA0.jpg
back ear tearing	dependencies/dataset\Sorted_Images_II\test\00P2E00001hD33hUAC.jpg
tape tearing	dependencies/dataset\Sorted_Images_II\test\00P2E00001gl8FXUAY.jpg
tape tearing	dependencies/dataset\Sorted_Images_II\test\00P2E00001hE04vUAC.jpg
back ear tearing	dependencies/dataset\Sorted_Images_II\test\00P2E00001hEuOyUAK.jpg
Other	dependencies/dataset\Sorted_Images_II\test\00P2E00001hENsBUAW.jpg
tape tearing	dependencies/dataset\Sorted_Images_II\test\00P2E00001hCmG7UAK.jpg
Other	dependencies/dataset\Sorted_Images_II\test\00P2E00001hn6MZUAY.jpg
back ear tearing	dependencies/dataset\Sorted_Images_II\test\00P2E00001hCA0wUAG.jpg
Other	dependencies/dataset\Sorted_Images_II\test\00P2E00001hnMHeUAM.jpg
tape tearing	dependencies/dataset\Sorted_Images_II\test\00P2E00001hEUvBUAW.jpg
front ear tearing	dependencies/dataset\Sorted_Images_II\test\00P2E00001gjTZKUA2.jpg
hook creep	dependencies/dataset\Sorted_Images_II\test\00P2E00001hE0QpUAK.jpg
back ear tearing	dependencies/dataset\Sorted_Images_II\test\00P2E00001gje5MUAQ.jpg
back ear tearing	dependencies/dataset\Sorted_Images_II\test\00P2E00001gl6nhUAA.jpg
Other	dependencies/dataset\Sorted_Images_II\test\00P2E00001hCaloUAC.jpg
Other	dependencies/dataset\Sorted_Images_II\test\00P2E00001hCiU9UAK.jpg
front ear tearing	dependencies/dataset\Sorted_Images_II\test\00P2E00001hDx3qUAC.jpg
Other	dependencies/dataset\Sorted_Images_II\test\00P2E00001hDycuUAC.jpg
Other	dependencies/dataset\Sorted_Images_II\test\00P2E00001hBxbeUAC.jpg
Other	dependencies/dataset\Sorted_Images_II\test\00P2E00001hE0EjUAK.jpg
front ear tearing	dependencies/dataset\Sorted_Images_II\test\00P2E00001hF8cVUAS.jpg
back ear tearing	dependencies/dataset\Sorted_Images_II\test\00P2E00001hBeQXUA0.jpg
front ear tearing	dependencies/dataset\Sorted_Images_II\test\00P2E00001gliRIUAY.jpg
tape tearing	dependencies/dataset\Sorted_Images_II\test\00P2E00001hCIzOUAW.jpg
front ear tearing	dependencies/dataset\Sorted_Images_II\test\00P2E00001hE3PRUA0.jpg
Other	dependencies/dataset\Sorted_Images_II\test\00P2E00001hDyX8UAK.jpg
back ear tearing	dependencies/dataset\Sorted_Images_II\test\00P2E00001gjIoMUAU.jpg
back ear tearing	dependencies/dataset\Sorted_Images_II\test\00P2E00001gkLG1UAM.jpg
Other	dependencies/dataset\Sorted_Images_II\test\00P2E00001hERaqUAG.jpg
front ear tearing	dependencies/dataset\Sorted_Images_II\test\00P2E00001hC87wUAC.jpg
Other	dependencies/dataset\Sorted_Images_II\test\00P2E00001hBfcAUAS.jpg
front ear tearing	dependencies/dataset\Sorted_Images_II\test\00P2E00001gkafUUAQ.jpg
Other	dependencies/dataset\Sorted_Images_II\test\00P2E00001hE3uXUAS.jpg
Other	dependencies/dataset\Sorted_Images_II\test\00P2E00001hE3awUAC.jpg
Other	dependencies/dataset\Sorted_Images_II\test\00P2E00001hCaaAUAS.jpg
front ear tearing	dependencies/dataset\Sorted_Images_II\test\00P2E00001hETXDUA4.jpg
Other	dependencies/dataset\Sorted_Images_II\test\00P2E00001hDemRUAS.jpg
Other	dependencies/dataset\Sorted_Images_II\test\0692E000009EaeFQAS.jpg
front ear tearing	dependencies/dataset\Sorted_Images_II\test\00P2E00001hD0rkUAC.jpg
Other	dependencies/dataset\Sorted_Images_II\test\00P2E00001hCIozUAG.jpg
Other	dependencies/dataset\Sorted_Images_II\test\00P2E00001hCG1EUAW.jpg
Other	dependencies/dataset\Sorted_Images_II\test\00P2E00001hE4xsUAC.jpg
back ear tearing	dependencies/dataset\Sorted_Images_II\test\0692E000009vLknQAE.jpg
Other	dependencies/dataset\Sorted_Images_II\test\00P2E00001gljp3UAA.jpg
front ear tearing	dependencies/dataset\Sorted_Images_II\test\00P2E00001hCinUUAS.jpg
front ear tearing	dependencies/dataset\Sorted_Images_II\test\00P2E00001hCcYKUA0.jpg
back ear tearing	dependencies/dataset\Sorted_Images_II\test\00P2E00001glqtkUAA.jpg
Other	dependencies/dataset\Sorted_Images_II\test\00P2E00001hDybYUAS.jpg
front ear tearing	dependencies/dataset\Sorted_Images_II\test\00P2E00001gkjI3UAI.jpg
Other	dependencies/dataset\Sorted_Images_II\test\00P2E00001hE3z9UAC.jpg
Other	dependencies/dataset\Sorted_Images_II\test\00P2E00001hE3EQUA0.jpg
back ear tearing	dependencies/dataset\Sorted_Images_II\test\00P2E00001hBLZFUA4.jpg
Other	dependencies/dataset\Sorted_Images_II\test\00P2E00001gjBWBUA2.jpg
tape tearing	dependencies/dataset\Sorted_Images_II\test\00P2E00001gjBhlUAE.jpg
front ear tearing	dependencies/dataset\Sorted_Images_II\test\00P2E00001hCeZWUA0.jpg
back ear tearing	dependencies/dataset\Sorted_Images_II\test\00P2E00001hCqZuUAK.jpg
back ear tearing	dependencies/dataset\Sorted_Images_II\test\0692E000009FNF3QAO.jpg
Other	dependencies/dataset\Sorted_Images_II\test\0692E000009utHoQAI.jpg
Other	dependencies/dataset\Sorted_Images_II\test\00P2E00001hn91zUAA.jpg
Other	dependencies/dataset\Sorted_Images_II\test\00P2E00001hCiU8UAK.jpg
front ear tearing	dependencies/dataset\Sorted_Images_II\test\00P2E00001hEtUHUA0.jpg
back ear tearing	dependencies/dataset\Sorted_Images_II\test\00P2E00001hEYVLUA4.jpg
front ear tearing	dependencies/dataset\Sorted_Images_II\test\00P2E00001hE3FsUAK.jpg
front ear tearing	dependencies/dataset\Sorted_Images_II\test\00P2E00001hCcd0UAC.jpg
Other	dependencies/dataset\Sorted_Images_II\test\00P2E00001hE3hvUAC.jpg
tape tearing	dependencies/dataset\Sorted_Images_II\test\00P2E00001glSBxUAM.jpg
tape tearing	dependencies/dataset\Sorted_Images_II\test\00P2E00001gk8LbUAI.jpg
front ear tearing	dependencies/dataset\Sorted_Images_II\test\00P2E00001hCIzPUAW.jpg
Other	dependencies/dataset\Sorted_Images_II\test\00P2E00001gkojfUAA.jpg
Other	dependencies/dataset\Sorted_Images_II\test\00P2E00001hC9BbUAK.jpg
Other	dependencies/dataset\Sorted_Images_II\test\00P2E00001hF92IUAS.jpg
back ear tearing	dependencies/dataset\Sorted_Images_II\test\00P2E00001hEJVnUAO.jpg
front ear tearing	dependencies/dataset\Sorted_Images_II\test\00P2E00001hDy56UAC.jpg
front ear tearing	dependencies/dataset\Sorted_Images_II\test\00P2E00001hE0NrUAK.jpg
Other	dependencies/dataset\Sorted_Images_II\test\00P2E00001gk6jMUAQ.jpg
back ear tearing	dependencies/dataset\Sorted_Images_II\test\00P2E00001hE3OLUA0.jpg
front ear tearing	dependencies/dataset\Sorted_Images_II\test\0692E000009ut1cQAA.jpg
back ear tearing	dependencies/dataset\Sorted_Images_II\test\00P2E00001hEuOxUAK.jpg
back ear tearing	dependencies/dataset\Sorted_Images_II\test\00P2E00001hENeBUAW.jpg
tape tearing	dependencies/dataset\Sorted_Images_II\test\00P2E00001hEOFLUA4.jpg
back ear tearing	dependencies/dataset\Sorted_Images_II\test\00P2E00001glkIeUAI.jpg
Other	dependencies/dataset\Sorted_Images_II\test\00P2E00001hFF7OUAW.jpg
front ear tearing	dependencies/dataset\Sorted_Images_II\test\00P2E00001glDyoUAE.jpg
Other	dependencies/dataset\Sorted_Images_II\test\00P2E00001gk92NUAQ.jpg
Other	dependencies/dataset\Sorted_Images_II\test\00P2E00001hCOsTUAW.jpg
back ear tearing	dependencies/dataset\Sorted_Images_II\test\00P2E00001hC9yxUAC.jpg
Other	dependencies/dataset\Sorted_Images_II\test\00P2E00001hCcaRUAS.jpg
tape tearing	dependencies/dataset\Sorted_Images_II\test\00P2E00001hESqgUAG.jpg
Other	dependencies/dataset\Sorted_Images_II\test\00P2E00001hBeQeUAK.jpg
front ear tearing	dependencies/dataset\Sorted_Images_II\test\00P2E00001hE3RMUA0.jpg
back ear tearing	dependencies/dataset\Sorted_Images_II\test\00P2E00001hE3etUAC.jpg
back ear tearing	dependencies/dataset\Sorted_Images_II\test\00P2E00001hCIzNUAW.jpg
Other	dependencies/dataset\Sorted_Images_II\test\00P2E00001gknU1UAI.jpg
front ear tearing	dependencies/dataset\Sorted_Images_II\test\00P2E00001hE3FrUAK.jpg
back ear tearing	dependencies/dataset\Sorted_Images_II\test\00P2E00001gje5LUAQ.jpg
back ear tearing	dependencies/dataset\Sorted_Images_II\test\00P2E00001hBeQYUA0.jpg
tape tearing	dependencies/dataset\Sorted_Images_II\test\00P2E00001hE3GcUAK.jpg
tape tearing	dependencies/dataset\Sorted_Images_II\test\0692E000009FMF8QAO.jpg
back ear tearing	dependencies/dataset\Sorted_Images_II\test\00P2E00001hCA5hUAG.jpg
tape tearing	dependencies/dataset\Sorted_Images_II\test\00P2E00001hESqiUAG.jpg
back ear tearing	dependencies/dataset\Sorted_Images_II\test\00P2E00001hFOakUAG.jpg
back ear tearing	dependencies/dataset\Sorted_Images_II\test\00P2E00001gjCZaUAM.jpg
front ear tearing	dependencies/dataset\Sorted_Images_II\test\00P2E00001hBfc9UAC.jpg
Other	dependencies/dataset\Sorted_Images_II\test\00P2E00001hCPgbUAG.jpg
tape tearing	dependencies/dataset\Sorted_Images_II\test\00P2E00001hBVaaUAG.jpg
front ear tearing	dependencies/dataset\Sorted_Images_II\test\00P2E00001hENZwUAO.jpg
Other	dependencies/dataset\Sorted_Images_II\test\00P2E00001gm7m1UAA.jpg
tape tearing	dependencies/dataset\Sorted_Images_II\test\00P2E00001hD4WyUAK.jpg
back ear tearing	dependencies/dataset\Sorted_Images_II\test\00P2E00001hE8foUAC.jpg
back ear tearing	dependencies/dataset\Sorted_Images_II\test\00P2E00001hBJZiUAO.jpg
back ear tearing	dependencies/dataset\Sorted_Images_II\test\00P2E00001hCkf6UAC.jpg
tape tearing	dependencies/dataset\Sorted_Images_II\test\00P2E00001hBv5cUAC.jpg
Other	dependencies/dataset\Sorted_Images_II\test\00P2E00001glkSUUAY.jpg
Other	dependencies/dataset\Sorted_Images_II\test\00P2E00001hDyTuUAK.jpg
back ear tearing	dependencies/dataset\Sorted_Images_II\test\0692E000009usdPQAQ.jpg
back ear tearing	dependencies/dataset\Sorted_Images_II\test\00P2E00001hDcfcUAC.jpg
back ear tearing	dependencies/dataset\Sorted_Images_II\test\00P2E00001gjIoLUAU.jpg
front ear tearing	dependencies/dataset\Sorted_Images_II\test\00P2E00001hE5JAUA0.jpg
Other	dependencies/dataset\Sorted_Images_II\test\00P2E00001hBeQaUAK.jpg
front ear tearing	dependencies/dataset\Sorted_Images_II\test\0692E000009EkkRQAS.jpg
Other	dependencies/dataset\Sorted_Images_II\test\00P2E00001hEhcqUAC.jpg
tape tearing	dependencies/dataset\Sorted_Images_II\test\00P2E00001hDzRoUAK.jpg
front ear tearing	dependencies/dataset\Sorted_Images_II\test\00P2E00001gkNyCUAU.jpg
Other	dependencies/dataset\Sorted_Images_II\test\00P2E00001glTjRUAU.jpg
tape tearing	dependencies/dataset\Sorted_Images_II\test\00P2E00001hDrBeUAK.jpg
front ear tearing	dependencies/dataset\Sorted_Images_II\test\00P2E00001hDs3sUAC.jpg
Other	dependencies/dataset\Sorted_Images_II\test\00P2E00001hCgHrUAK.jpg
back ear tearing	dependencies/dataset\Sorted_Images_II\test\00P2E00001gkUoQUAU.jpg
tape tearing	dependencies/dataset\Sorted_Images_II\test\0692E000009urQIQAY.jpg
tape tearing	dependencies/dataset\Sorted_Images_II\test\0692E000009um6sQAA.jpg
tape tearing	dependencies/dataset\Sorted_Images_II\test\00P2E00001gjYBaUAM.jpg
Other	dependencies/dataset\Sorted_Images_II\test\00P2E00001hF84IUAS.jpg
front ear tearing	dependencies/dataset\Sorted_Images_II\test\00P2E00001hBe0IUAS.jpg
tape tearing	dependencies/dataset\Sorted_Images_II\test\00P2E00001hE36hUAC.jpg
back ear tearing	dependencies/dataset\Sorted_Images_II\test\00P2E00001hEUm1UAG.jpg
Other	dependencies/dataset\Sorted_Images_II\test\00P2E00001gm7m0UAA.jpg
tape tearing	dependencies/dataset\Sorted_Images_II\test\00P2E00001gktITUAY.jpg
tape tearing	dependencies/dataset\Sorted_Images_II\test\00P2E00001gkA3OUAU.jpg
tape tearing	dependencies/dataset\Sorted_Images_II\test\00P2E00001glgvEUAQ.jpg
tape tearing	dependencies/dataset\Sorted_Images_II\test\00P2E00001hEhcrUAC.jpg
back ear tearing	dependencies/dataset\Sorted_Images_II\test\00P2E00001hEmrkUAC.jpg
tape tearing	dependencies/dataset\Sorted_Images_II\test\00P2E00001hE5RkUAK.jpg
back ear tearing	dependencies/dataset\Sorted_Images_II\test\00P2E00001hEQtTUAW.jpg
Other	dependencies/dataset\Sorted_Images_II\test\00P2E00001hDbTvUAK.jpg
Other	dependencies/dataset\Sorted_Images_II\test\00P2E00001hCcZcUAK.jpg
Other	dependencies/dataset\Sorted_Images_II\test\00P2E00001hDyimUAC.jpg
front ear tearing	dependencies/dataset\Sorted_Images_II\test\00P2E00001gk8NlUAI.jpg
Other	dependencies/dataset\Sorted_Images_II\test\00P2E00001hEhHzUAK.jpg
back ear tearing	dependencies/dataset\Sorted_Images_II\test\00P2E00001gk3sLUAQ.jpg
Other	dependencies/dataset\Sorted_Images_II\test\00P2E00001hEUm2UAG.jpg
Other	dependencies/dataset\Sorted_Images_II\test\00P2E00001hChgJUAS.jpg
tape tearing	dependencies/dataset\Sorted_Images_II\test\00P2E00001hDn6PUAS.jpg
front ear tearing	dependencies/dataset\Sorted_Images_II\test\00P2E00001hBeQhUAK.jpg
front ear tearing	dependencies/dataset\Sorted_Images_II\test\00P2E00001hCjcEUAS.jpg
Other	dependencies/dataset\Sorted_Images_II\test\00P2E00001hE5JmUAK.jpg
tape tearing	dependencies/dataset\Sorted_Images_II\test\00P2E00001hBMxYUAW.jpg
Other	dependencies/dataset\Sorted_Images_II\test\0692E000009urZ3QAI.jpg
tape tearing	dependencies/dataset\Sorted_Images_II\test\0692E000009v34JQAQ.jpg
Other	dependencies/dataset\Sorted_Images_II\test\00P2E00001hE4ZpUAK.jpg
front ear tearing	dependencies/dataset\Sorted_Images_II\test\00P2E00001hENe8UAG.jpg
front ear tearing	dependencies/dataset\Sorted_Images_II\test\00P2E00001hE7pgUAC.jpg
front ear tearing	dependencies/dataset\Sorted_Images_II\test\00P2E00001hEE0VUAW.jpg
back ear tearing	dependencies/dataset\Sorted_Images_II\test\0692E000009EaeGQAS.jpg
Other	dependencies/dataset\Sorted_Images_II\test\00P2E00001hBPqjUAG.jpg
back ear tearing	dependencies/dataset\Sorted_Images_II\test\0692E000009use8QAA.jpg
back ear tearing	dependencies/dataset\Sorted_Images_II\test\00P2E00001gjCZYUA2.jpg
back ear tearing	dependencies/dataset\Sorted_Images_II\test\00P2E00001hBuwqUAC.jpg
tape tearing	dependencies/dataset\Sorted_Images_II\test\00P2E00001hBv5ZUAS.jpg
tape tearing	dependencies/dataset\Sorted_Images_II\test\00P2E00001hBPBjUAO.jpg
Other	dependencies/dataset\Sorted_Images_II\test\00P2E00001hBeB5UAK.jpg
back ear tearing	dependencies/dataset\Sorted_Images_II\test\00P2E00001hBxbfUAC.jpg
tape tearing	dependencies/dataset\Sorted_Images_II\test\00P2E00001hES8yUAG.jpg
Other	dependencies/dataset\Sorted_Images_II\test\00P2E00001hBeJ0UAK.jpg
back ear tearing	dependencies/dataset\Sorted_Images_II\test\00P2E00001hEeAkUAK.jpg
Other	dependencies/dataset\Sorted_Images_II\test\00P2E00001gknzcUAA.jpg
tape tearing	dependencies/dataset\Sorted_Images_II\test\00P2E00001gjV5GUAU.jpg
back ear tearing	dependencies/dataset\Sorted_Images_II\test\00P2E00001hBnJpUAK.jpg
Other	dependencies/dataset\Sorted_Images_II\test\00P2E00001hEQtUUAW.jpg
back ear tearing	dependencies/dataset\Sorted_Images_II\test\0692E000009EkkSQAS.jpg
back ear tearing	dependencies/dataset\Sorted_Images_II\test\00P2E00001gkA3PUAU.jpg
back ear tearing	dependencies/dataset\Sorted_Images_II\test\00P2E00001glSBwUAM.jpg
back ear tearing	dependencies/dataset\Sorted_Images_II\test\00P2E00001hENNOUA4.jpg
back ear tearing	dependencies/dataset\Sorted_Images_II\test\00P2E00001hogUWUAY.jpg
back ear tearing	dependencies/dataset\Sorted_Images_II\test\00P2E00001hCheTUAS.jpg
back ear tearing	dependencies/dataset\Sorted_Images_II\test\00P2E00001hC90lUAC.jpg
front ear tearing	dependencies/dataset\Sorted_Images_II\test\00P2E00001gkjppUAA.jpg
tape tearing	dependencies/dataset\Sorted_Images_II\test\00P2E00001glKCzUAM.jpg
front ear tearing	dependencies/dataset\Sorted_Images_II\test\00P2E00001gjY6VUAU.jpg
Other	dependencies/dataset\Sorted_Images_II\test\00P2E00001hCBCcUAO.jpg
back ear tearing	dependencies/dataset\Sorted_Images_II\test\00P2E00001hE44QUAS.jpg
back ear tearing	dependencies/dataset\Sorted_Images_II\test\00P2E00001hE5EoUAK.jpg
front ear tearing	dependencies/dataset\Sorted_Images_II\test\0692E000009use9QAA.jpg
Other	dependencies/dataset\Sorted_Images_II\test\00P2E00001hCaaBUAS.jpg
front ear tearing	dependencies/dataset\Sorted_Images_II\test\00P2E00001gkafTUAQ.jpg
tape tearing	dependencies/dataset\Sorted_Images_II\test\00P2E00001hDyUoUAK.jpg
Other	dependencies/dataset\Sorted_Images_II\test\00P2E00001gll5bUAA.jpg
front ear tearing	dependencies/dataset\Sorted_Images_II\test\00P2E00001hEO5xUAG.jpg
Other	dependencies/dataset\Sorted_Images_II\test\00P2E00001hE4H1UAK.jpg
tape tearing	dependencies/dataset\Sorted_Images_II\test\00P2E00001hDzRnUAK.jpg
Other	dependencies/dataset\Sorted_Images_II\test\00P2E00001hE0QnUAK.jpg
back ear tearing	dependencies/dataset\Sorted_Images_II\test\00P2E00001gjff3UAA.jpg
back ear tearing	dependencies/dataset\Sorted_Images_II\test\00P2E00001hBh5kUAC.jpg
Other	dependencies/dataset\Sorted_Images_II\test\00P2E00001hCcaQUAS.jpg
back ear tearing	dependencies/dataset\Sorted_Images_II\test\00P2E00001gjCPJUA2.jpg
front ear tearing	dependencies/dataset\Sorted_Images_II\test\00P2E00001gm7ytUAA.jpg
Other	dependencies/dataset\Sorted_Images_II\test\00P2E00001glxZzUAI.jpg
tape tearing	dependencies/dataset\Sorted_Images_II\test\00P2E00001gkUqiUAE.jpg
Other	dependencies/dataset\Sorted_Images_II\test\00P2E00001hCHRHUA4.jpg
tape tearing	dependencies/dataset\Sorted_Images_II\test\0692E000009us2YQAQ.jpg
back ear tearing	dependencies/dataset\Sorted_Images_II\test\00P2E00001hBR29UAG.jpg
back ear tearing	dependencies/dataset\Sorted_Images_II\test\00P2E00001hE3XzUAK.jpg
front ear tearing	dependencies/dataset\Sorted_Images_II\test\00P2E00001hBRM5UAO.jpg
tape tearing	dependencies/dataset\Sorted_Images_II\test\00P2E00001hE3huUAC.jpg
back ear tearing	dependencies/dataset\Sorted_Images_II\test\00P2E00001glvbMUAQ.jpg
Other	dependencies/dataset\Sorted_Images_II\test\00P2E00001hE2ANUA0.jpg
front ear tearing	dependencies/dataset\Sorted_Images_II\test\00P2E00001hCwkAUAS.jpg
back ear tearing	dependencies/dataset\Sorted_Images_II\test\00P2E00001hBRaxUAG.jpg
Other	dependencies/dataset\Sorted_Images_II\test\00P2E00001hBjGgUAK.jpg
tape tearing	dependencies/dataset\Sorted_Images_II\test\00P2E00001hCuaEUAS.jpg
back ear tearing	dependencies/dataset\Sorted_Images_II\test\00P2E00001hEWkWUAW.jpg
front ear tearing	dependencies/dataset\Sorted_Images_II\test\00P2E00001hDo0cUAC.jpg
Other	dependencies/dataset\Sorted_Images_II\test\00P2E00001hnnjgUAA.jpg
front ear tearing	dependencies/dataset\Sorted_Images_II\test\00P2E00001hE3RNUA0.jpg
tape tearing	dependencies/dataset\Sorted_Images_II\test\00P2E00001hBhLsUAK.jpg
Other	dependencies/dataset\Sorted_Images_II\test\0692E000009usr3QAA.jpg
back ear tearing	dependencies/dataset\Sorted_Images_II\test\0692E000009FMF7QAO.jpg
Other	dependencies/dataset\Sorted_Images_II\test\00P2E00001gkTmxUAE.jpg
tape tearing	dependencies/dataset\Sorted_Images_II\test\00P2E00001hBPqhUAG.jpg
front ear tearing	dependencies/dataset\Sorted_Images_II\test\00P2E00001hCaaDUAS.jpg
tape tearing	dependencies/dataset\Sorted_Images_II\test\00P2E00001hE36jUAC.jpg
Other	dependencies/dataset\Sorted_Images_II\test\0692E000009ukxLQAQ.jpg
front ear tearing	dependencies/dataset\Sorted_Images_II\test\00P2E00001hDfKxUAK.jpg
tape tearing	dependencies/dataset\Sorted_Images_II\test\00P2E00001hENLTUA4.jpg
back ear tearing	dependencies/dataset\Sorted_Images_II\test\00P2E00001hChDxUAK.jpg
tape tearing	dependencies/dataset\Sorted_Images_II\test\00P2E00001hDzRpUAK.jpg
back ear tearing	dependencies/dataset\Sorted_Images_II\test\00P2E00001hE3MRUA0.jpg
tape tearing	dependencies/dataset\Sorted_Images_II\test\00P2E00001hCcJ9UAK.jpg
Other	dependencies/dataset\Sorted_Images_II\test\00P2E00001hE52rUAC.jpg
Other	dependencies/dataset\Sorted_Images_II\test\00P2E00001glieIUAQ.jpg
front ear tearing	dependencies/dataset\Sorted_Images_II\test\00P2E00001hChDvUAK.jpg
Other	dependencies/dataset\Sorted_Images_II\test\00P2E00001glT7aUAE.jpg
Other	dependencies/dataset\Sorted_Images_II\test\00P2E00001hBQTCUA4.jpg
Other	dependencies/dataset\Sorted_Images_II\test\00P2E00001hBfYSUA0.jpg
tape tearing	dependencies/dataset\Sorted_Images_II\test\00P2E00001hD1NgUAK.jpg
front ear tearing	dependencies/dataset\Sorted_Images_II\test\00P2E00001hDyRyUAK.jpg
back ear tearing	dependencies/dataset\Sorted_Images_II\test\00P2E00001hBKTHUA4.jpg
back ear tearing	dependencies/dataset\Sorted_Images_II\test\00P2E00001hE3TXUA0.jpg
Other	dependencies/dataset\Sorted_Images_II\test\00P2E00001hF7GJUA0.jpg
front ear tearing	dependencies/dataset\Sorted_Images_II\test\00P2E00001hE3T7UAK.jpg
back ear tearing	dependencies/dataset\Sorted_Images_II\test\00P2E00001hEeSkUAK.jpg
back ear tearing	dependencies/dataset\Sorted_Images_II\test\00P2E00001hBuasUAC.jpg
back ear tearing	dependencies/dataset\Sorted_Images_II\test\00P2E00001hEuA8UAK.jpg
back ear tearing	dependencies/dataset\Sorted_Images_II\test\00P2E00001hEYg9UAG.jpg
back ear tearing	dependencies/dataset\Sorted_Images_II\test\00P2E00001hBWJrUAO.jpg
tape tearing	dependencies/dataset\Sorted_Images_II\test\00P2E00001hFF7PUAW.jpg
back ear tearing	dependencies/dataset\Sorted_Images_II\test\00P2E00001hE5EHUA0.jpg
Other	dependencies/dataset\Sorted_Images_II\test\00P2E00001hD1NhUAK.jpg
tape tearing	dependencies/dataset\Sorted_Images_II\test\00P2E00001hE5DoUAK.jpg
tape tearing	dependencies/dataset\Sorted_Images_II\test\0692E000009FmTHQA0.jpg
back ear tearing	dependencies/dataset\Sorted_Images_II\test\00P2E00001hE5JkUAK.jpg
front ear tearing	dependencies/dataset\Sorted_Images_II\test\00P2E00001hDyI4UAK.jpg
tape tearing	dependencies/dataset\Sorted_Images_II\test\00P2E00001gjFTpUAM.jpg
tape tearing	dependencies/dataset\Sorted_Images_II\test\00P2E00001hDz1QUAS.jpg
Other	dependencies/dataset\Sorted_Images_II\test\00P2E00001gjF0YUAU.jpg
Other	dependencies/dataset\Sorted_Images_II\test\00P2E00001hE3XyUAK.jpg
Other	dependencies/dataset\Sorted_Images_II\test\00P2E00001hE3rbUAC.jpg
back ear tearing	dependencies/dataset\Sorted_Images_II\test\00P2E00001hFAsIUAW.jpg
back ear tearing	dependencies/dataset\Sorted_Images_II\test\00P2E00001gk7Y1UAI.jpg
Other	dependencies/dataset\Sorted_Images_II\test\00P2E00001gkNyDUAU.jpg
tape tearing	dependencies/dataset\Sorted_Images_II\test\00P2E00001hFLUlUAO.jpg
Other	dependencies/dataset\Sorted_Images_II\test\00P2E00001gje38UAA.jpg
back ear tearing	dependencies/dataset\Sorted_Images_II\test\00P2E00001hBQ2UUAW.jpg
Other	dependencies/dataset\Sorted_Images_II\test\0692E000009vUoiQAE.jpg
tape tearing	dependencies/dataset\Sorted_Images_II\test\00P2E00001hE3avUAC.jpg
back ear tearing	dependencies/dataset\Sorted_Images_II\test\00P2E00001glifvUAA.jpg
Other	dependencies/dataset\Sorted_Images_II\test\00P2E00001gjYBbUAM.jpg
front ear tearing	dependencies/dataset\Sorted_Images_II\test\00P2E00001hE3ROUA0.jpg
Other	dependencies/dataset\Sorted_Images_II\test\00P2E00001hDyfuUAC.jpg
Other	dependencies/dataset\Sorted_Images_II\test\00P2E00001hE8sCUAS.jpg
Other	dependencies/dataset\Sorted_Images_II\test\00P2E00001gjEp7UAE.jpg
front ear tearing	dependencies/dataset\Sorted_Images_II\test\00P2E00001hBQ99UAG.jpg
Other	dependencies/dataset\Sorted_Images_II\test\00P2E00001gjj8wUAA.jpg
tape tearing	dependencies/dataset\Sorted_Images_II\test\0692E000009urQKQAY.jpg
Other	dependencies/dataset\Sorted_Images_II\test\00P2E00001hCiU7UAK.jpg
back ear tearing	dependencies/dataset\Sorted_Images_II\test\00P2E00001gkmHQUAY.jpg
tape tearing	dependencies/dataset\Sorted_Images_II\test\00P2E00001hE5DqUAK.jpg
Other	dependencies/dataset\Sorted_Images_II\test\00P2E00001glDfWUAU.jpg
front ear tearing	dependencies/dataset\Sorted_Images_II\test\00P2E00001hF7huUAC.jpg
back ear tearing	dependencies/dataset\Sorted_Images_II\test\00P2E00001hE7mTUAS.jpg
back ear tearing	dependencies/dataset\Sorted_Images_II\test\00P2E00001gk71bUAA.jpg
front ear tearing	dependencies/dataset\Sorted_Images_II\test\00P2E00001hE3PSUA0.jpg
front ear tearing	dependencies/dataset\Sorted_Images_II\test\00P2E00001hCdMPUA0.jpg
Other	dependencies/dataset\Sorted_Images_II\test\00P2E00001gk8OeUAI.jpg
back ear tearing	dependencies/dataset\Sorted_Images_II\test\00P2E00001gl6ngUAA.jpg
Other	dependencies/dataset\Sorted_Images_II\test\00P2E00001hBRmCUAW.jpg
Other	dependencies/dataset\Sorted_Images_II\test\00P2E00001hEyBcUAK.jpg
tape tearing	dependencies/dataset\Sorted_Images_II\test\00P2E00001hBg2rUAC.jpg
back ear tearing	dependencies/dataset\Sorted_Images_II\test\00P2E00001hCe14UAC.jpg
front ear tearing	dependencies/dataset\Sorted_Images_II\test\00P2E00001hEesJUAS.jpg
Other	dependencies/dataset\Sorted_Images_II\test\00P2E00001hE3OKUA0.jpg
front ear tearing	dependencies/dataset\Sorted_Images_II\test\00P2E00001hCeGnUAK.jpg
tape tearing	dependencies/dataset\Sorted_Images_II\test\00P2E00001hBOwsUAG.jpg
front ear tearing	dependencies/dataset\Sorted_Images_II\test\00P2E00001hDo0dUAC.jpg
back ear tearing	dependencies/dataset\Sorted_Images_II\test\00P2E00001hEuA9UAK.jpg
front ear tearing	dependencies/dataset\Sorted_Images_II\test\00P2E00001gje39UAA.jpg
back ear tearing	dependencies/dataset\Sorted_Images_II\test\00P2E00001glh7vUAA.jpg
tape tearing	dependencies/dataset\Sorted_Images_II\test\00P2E00001hBnJoUAK.jpg
Other	dependencies/dataset\Sorted_Images_II\test\0692E000009FmTIQA0.jpg
front ear tearing	dependencies/dataset\Sorted_Images_II\test\00P2E00001hEjG6UAK.jpg
back ear tearing	dependencies/dataset\Sorted_Images_II\test\00P2E00001hE8fnUAC.jpg
Other	dependencies/dataset\Sorted_Images_II\test\00P2E00001hChaSUAS.jpg
back ear tearing	dependencies/dataset\Sorted_Images_II\test\0692E000009usdRQAQ.jpg
tape tearing	dependencies/dataset\Sorted_Images_II\test\00P2E00001hE0EhUAK.jpg
Other	dependencies/dataset\Sorted_Images_II\test\00P2E00001hDm6SUAS.jpg
back ear tearing	dependencies/dataset\Sorted_Images_II\test\00P2E00001gkULxUAM.jpg
tape tearing	dependencies/dataset\Sorted_Images_II\test\00P2E00001hBhLtUAK.jpg
Other	dependencies/dataset\Sorted_Images_II\test\00P2E00001gjkAhUAI.jpg
back ear tearing	dependencies/dataset\Sorted_Images_II\test\00P2E00001gjdfiUAA.jpg
Other	dependencies/dataset\Sorted_Images_II\test\00P2E00001hE3zAUAS.jpg
front ear tearing	dependencies/dataset\Sorted_Images_II\test\00P2E00001gkoT4UAI.jpg
back ear tearing	dependencies/dataset\Sorted_Images_II\test\00P2E00001hEh2PUAS.jpg
back ear tearing	dependencies/dataset\Sorted_Images_II\test\00P2E00001hFAsHUAW.jpg
back ear tearing	dependencies/dataset\Sorted_Images_II\test\00P2E00001hBeubUAC.jpg
tape tearing	dependencies/dataset\Sorted_Images_II\test\00P2E00001hDzDrUAK.jpg
Other	dependencies/dataset\Sorted_Images_II\test\00P2E00001hBRayUAG.jpg
Other	dependencies/dataset\Sorted_Images_II\test\00P2E00001hE7a9UAC.jpg
Other	dependencies/dataset\Sorted_Images_II\test\00P2E00001hETteUAG.jpg
Other	dependencies/dataset\Sorted_Images_II\test\00P2E00001hBLN6UAO.jpg
tape tearing	dependencies/dataset\Sorted_Images_II\test\0692E000009urQJQAY.jpg
front ear tearing	dependencies/dataset\Sorted_Images_II\test\00P2E00001hBe4cUAC.jpg
tape tearing	dependencies/dataset\Sorted_Images_II\test\0692E000009usdQQAQ.jpg
Other	dependencies/dataset\Sorted_Images_II\test\00P2E00001hCgtHUAS.jpg
Other	dependencies/dataset\Sorted_Images_II\test\00P2E00001glT7bUAE.jpg
back ear tearing	dependencies/dataset\Sorted_Images_II\test\00P2E00001gjjbhUAA.jpg
front ear tearing	dependencies/dataset\Sorted_Images_II\test\00P2E00001hEgBvUAK.jpg
front ear tearing	dependencies/dataset\Sorted_Images_II\test\00P2E00001gjj8xUAA.jpg
Other	dependencies/dataset\Sorted_Images_II\test\00P2E00001hCgupUAC.jpg
Other	dependencies/dataset\Sorted_Images_II\test\00P2E00001hBRmDUAW.jpg
front ear tearing	dependencies/dataset\Sorted_Images_II\test\00P2E00001hDyYqUAK.jpg
tape tearing	dependencies/dataset\Sorted_Images_II\test\00P2E00001hE5RhUAK.jpg
back ear tearing	dependencies/dataset\Sorted_Images_II\test\00P2E00001gjBYHUA2.jpg
front ear tearing	dependencies/dataset\Sorted_Images_II\test\00P2E00001hE3FqUAK.jpg
front ear tearing	dependencies/dataset\Sorted_Images_II\test\00P2E00001hENC6UAO.jpg
tape tearing	dependencies/dataset\Sorted_Images_II\test\00P2E00001hEQh6UAG.jpg
hook missing	dependencies/dataset\Sorted_Images_II\test\00P2E00001hDyXGUA0.jpg
Other	dependencies/dataset\Sorted_Images_II\test\00P2E00001hE3hkUAC.jpg
Other	dependencies/dataset\Sorted_Images_II\test\00P2E00001hE5MwUAK.jpg
front ear tearing	dependencies/dataset\Sorted_Images_II\test\00P2E00001hE3T8UAK.jpg
Other	dependencies/dataset\Sorted_Images_II\test\00P2E00001hENeAUAW.jpg
back ear tearing	dependencies/dataset\Sorted_Images_II\test\00P2E00001gjBYCUA2.jpg
back ear tearing	dependencies/dataset\Sorted_Images_II\test\00P2E00001glSi0UAE.jpg
back ear tearing	dependencies/dataset\Sorted_Images_II\test\00P2E00001hDz3zUAC.jpg
Other	dependencies/dataset\Sorted_Images_II\test\00P2E00001gk7geUAA.jpg
Other	dependencies/dataset\Sorted_Images_II\test\00P2E00001hBM6kUAG.jpg
Other	dependencies/dataset\Sorted_Images_II\test\00P2E00001hE4yOUAS.jpg
back ear tearing	dependencies/dataset\Sorted_Images_II\test\00P2E00001hENObUAO.jpg
back ear tearing	dependencies/dataset\Sorted_Images_II\test\00P2E00001hBeeUUAS.jpg
front ear tearing	dependencies/dataset\Sorted_Images_II\test\00P2E00001hCjcFUAS.jpg
Other	dependencies/dataset\Sorted_Images_II\test\00P2E00001hE7mUUAS.jpg
back ear tearing	dependencies/dataset\Sorted_Images_II\test\00P2E00001hC90nUAC.jpg
Other	dependencies/dataset\Sorted_Images_II\test\00P2E00001hE06bUAC.jpg
back ear tearing	dependencies/dataset\Sorted_Images_II\test\00P2E00001hCdNiUAK.jpg
front ear tearing	dependencies/dataset\Sorted_Images_II\test\00P2E00001gjgccUAA.jpg
back ear tearing	dependencies/dataset\Sorted_Images_II\test\00P2E00001glVzVUAU.jpg
Other	dependencies/dataset\Sorted_Images_II\test\00P2E00001glJeQUAU.jpg
tape tearing	dependencies/dataset\Sorted_Images_II\test\00P2E00001hE3axUAC.jpg
front ear tearing	dependencies/dataset\Sorted_Images_II\test\00P2E00001hCyruUAC.jpg
front ear tearing	dependencies/dataset\Sorted_Images_II\test\00P2E00001hBajOUAS.jpg
tape tearing	dependencies/dataset\Sorted_Images_II\test\00P2E00001gkNIcUAM.jpg
front ear tearing	dependencies/dataset\Sorted_Images_II\test\00P2E00001hDskJUAS.jpg
front ear tearing	dependencies/dataset\Sorted_Images_II\test\00P2E00001hEO5yUAG.jpg
back ear tearing	dependencies/dataset\Sorted_Images_II\test\00P2E00001hBQ2TUAW.jpg
tape tearing	dependencies/dataset\Sorted_Images_II\test\00P2E00001hEQh5UAG.jpg
front ear tearing	dependencies/dataset\Sorted_Images_II\test\00P2E00001hCiUdUAK.jpg
front ear tearing	dependencies/dataset\Sorted_Images_II\test\00P2E00001gjKmcUAE.jpg
front ear tearing	dependencies/dataset\Sorted_Images_II\test\00P2E00001hDyI1UAK.jpg
back ear tearing	dependencies/dataset\Sorted_Images_II\test\00P2E00001glioMUAQ.jpg
tape tearing	dependencies/dataset\Sorted_Images_II\test\00P2E00001hC4t5UAC.jpg
front ear tearing	dependencies/dataset\Sorted_Images_II\test\00P2E00001gknU3UAI.jpg
front ear tearing	dependencies/dataset\Sorted_Images_II\test\00P2E00001hDzbAUAS.jpg
Other	dependencies/dataset\Sorted_Images_II\test\00P2E00001gk7gfUAA.jpg
back ear tearing	dependencies/dataset\Sorted_Images_II\test\00P2E00001gjPV1UAM.jpg
Other	dependencies/dataset\Sorted_Images_II\test\00P2E00001hEBVHUA4.jpg
tape tearing	dependencies/dataset\Sorted_Images_II\test\00P2E00001hEQi2UAG.jpg
back ear tearing	dependencies/dataset\Sorted_Images_II\test\00P2E00001hEOFJUA4.jpg
Other	dependencies/dataset\Sorted_Images_II\test\00P2E00001gjdezUAA.jpg
front ear tearing	dependencies/dataset\Sorted_Images_II\test\00P2E00001hDtZkUAK.jpg
front ear tearing	dependencies/dataset\Sorted_Images_II\test\00P2E00001gkUHVUA2.jpg
Other	dependencies/dataset\Sorted_Images_II\test\0692E000009utHpQAI.jpg
back ear tearing	dependencies/dataset\Sorted_Images_II\test\00P2E00001gjWR9UAM.jpg
front ear tearing	dependencies/dataset\Sorted_Images_II\test\00P2E00001hCaaCUAS.jpg
back ear tearing	dependencies/dataset\Sorted_Images_II\test\00P2E00001hBv6hUAC.jpg
front ear tearing	dependencies/dataset\Sorted_Images_II\test\00P2E00001gknqOUAQ.jpg
back ear tearing	dependencies/dataset\Sorted_Images_II\test\00P2E00001hEKFNUA4.jpg
back ear tearing	dependencies/dataset\Sorted_Images_II\test\00P2E00001hE3TVUA0.jpg
Other	dependencies/dataset\Sorted_Images_II\test\00P2E00001hDWqSUAW.jpg
Other	dependencies/dataset\Sorted_Images_II\test\00P2E00001hDzRqUAK.jpg
back ear tearing	dependencies/dataset\Sorted_Images_II\test\00P2E00001glgPnUAI.jpg
tape tearing	dependencies/dataset\Sorted_Images_II\test\00P2E00001hD2bIUAS.jpg
back ear tearing	dependencies/dataset\Sorted_Images_II\test\00P2E00001hCA5gUAG.jpg
front ear tearing	dependencies/dataset\Sorted_Images_II\test\00P2E00001hENuZUAW.jpg
Other	dependencies/dataset\Sorted_Images_II\test\00P2E00001hBRM6UAO.jpg
Other	dependencies/dataset\Sorted_Images_II\test\00P2E00001hBRmHUAW.jpg
front ear tearing	dependencies/dataset\Sorted_Images_II\test\00P2E00001gkUafUAE.jpg
back ear tearing	dependencies/dataset\Sorted_Images_II\test\00P2E00001gk7Y2UAI.jpg
back ear tearing	dependencies/dataset\Sorted_Images_II\test\00P2E00001hBR1VUAW.jpg
back ear tearing	dependencies/dataset\Sorted_Images_II\test\00P2E00001gkULwUAM.jpg
back ear tearing	dependencies/dataset\Sorted_Images_II\test\00P2E00001gjlGnUAI.jpg
front ear tearing	dependencies/dataset\Sorted_Images_II\test\0692E000009FmTJQA0.jpg
back ear tearing	dependencies/dataset\Sorted_Images_II\test\00P2E00001gkNIbUAM.jpg
Other	dependencies/dataset\Sorted_Images_II\test\0692E000009FmTQQA0.jpg
Other	dependencies/dataset\Sorted_Images_II\test\00P2E00001hBv5bUAC.jpg
Other	dependencies/dataset\Sorted_Images_II\test\00P2E00001hFKGzUAO.jpg
Other	dependencies/dataset\Sorted_Images_II\test\00P2E00001hBv6SUAS.jpg
front ear tearing	dependencies/dataset\Sorted_Images_II\test\00P2E00001gjJ54UAE.jpg
tape tearing	dependencies/dataset\Sorted_Images_II\test\0692E000009urQLQAY.jpg
Other	dependencies/dataset\Sorted_Images_II\test\00P2E00001hCgHtUAK.jpg
tape tearing	dependencies/dataset\Sorted_Images_II\test\00P2E00001hE1nEUAS.jpg
back ear tearing	dependencies/dataset\Sorted_Images_II\test\00P2E00001hCdq6UAC.jpg
tape tearing	dependencies/dataset\Sorted_Images_II\test\00P2E00001hE5DnUAK.jpg
back ear tearing	dependencies/dataset\Sorted_Images_II\test\0692E000009urzhQAA.jpg
back ear tearing	dependencies/dataset\Sorted_Images_II\test\00P2E00001hCalnUAC.jpg
back ear tearing	dependencies/dataset\Sorted_Images_II\test\00P2E00001hDyTtUAK.jpg
Other	dependencies/dataset\Sorted_Images_II\test\00P2E00001hBRazUAG.jpg
back ear tearing	dependencies/dataset\Sorted_Images_II\test\00P2E00001hDbZyUAK.jpg
Other	dependencies/dataset\Sorted_Images_II\test\00P2E00001gjQqMUAU.jpg
Other	dependencies/dataset\Sorted_Images_II\test\00P2E00001hE3GbUAK.jpg
back ear tearing	dependencies/dataset\Sorted_Images_II\test\00P2E00001glDfYUAU.jpg
Other	dependencies/dataset\Sorted_Images_II\test\00P2E00001hEl4yUAC.jpg
Other	dependencies/dataset\Sorted_Images_II\test\00P2E00001gkVG1UAM.jpg
back ear tearing	dependencies/dataset\Sorted_Images_II\test\00P2E00001glUtEUAU.jpg
back ear tearing	dependencies/dataset\Sorted_Images_II\test\00P2E00001hE0Q6UAK.jpg
Other	dependencies/dataset\Sorted_Images_II\test\00P2E00001hBeQfUAK.jpg
back ear tearing	dependencies/dataset\Sorted_Images_II\test\00P2E00001gktSzUAI.jpg
Other	dependencies/dataset\Sorted_Images_II\test\00P2E00001hCHRFUA4.jpg
back ear tearing	dependencies/dataset\Sorted_Images_II\test\00P2E00001hC90kUAC.jpg
front ear tearing	dependencies/dataset\Sorted_Images_II\test\00P2E00001gjoTuUAI.jpg
back ear tearing	dependencies/dataset\Sorted_Images_II\test\00P2E00001hE1F0UAK.jpg
front ear tearing	dependencies/dataset\Sorted_Images_II\test\00P2E00001gjEB9UAM.jpg
tape tearing	dependencies/dataset\Sorted_Images_II\test\00P2E00001hBv5YUAS.jpg
Other	dependencies/dataset\Sorted_Images_II\test\00P2E00001hDz1PUAS.jpg
tape tearing	dependencies/dataset\Sorted_Images_II\test\00P2E00001hEQhUUAW.jpg
Other	dependencies/dataset\Sorted_Images_II\test\00P2E00001hESqUUAW.jpg
Other	dependencies/dataset\Sorted_Images_II\test\00P2E00001hE5MzUAK.jpg
tape tearing	dependencies/dataset\Sorted_Images_II\test\00P2E00001gkkYDUAY.jpg
Other	dependencies/dataset\Sorted_Images_II\test\00P2E00001hE5JjUAK.jpg
back ear tearing	dependencies/dataset\Sorted_Images_II\test\00P2E00001glwVfUAI.jpg
Other	dependencies/dataset\Sorted_Images_II\test\00P2E00001hCA0sUAG.jpg
back ear tearing	dependencies/dataset\Sorted_Images_II\test\00P2E00001hDchFUAS.jpg
front ear tearing	dependencies/dataset\Sorted_Images_II\test\00P2E00001hCccgUAC.jpg
back ear tearing	dependencies/dataset\Sorted_Images_II\test\00P2E00001hEgBuUAK.jpg
back ear tearing	dependencies/dataset\Sorted_Images_II\test\00P2E00001gk78UUAQ.jpg
tape tearing	dependencies/dataset\Sorted_Images_II\test\00P2E00001hE3EPUA0.jpg
tape tearing	dependencies/dataset\Sorted_Images_II\test\00P2E00001hFLWIUA4.jpg
front ear tearing	dependencies/dataset\Sorted_Images_II\test\00P2E00001hCA0vUAG.jpg
Other	dependencies/dataset\Sorted_Images_II\test\00P2E00001hE4UhUAK.jpg
front ear tearing	dependencies/dataset\Sorted_Images_II\test\00P2E00001gkmQ5UAI.jpg
back ear tearing	dependencies/dataset\Sorted_Images_II\test\00P2E00001gjCT6UAM.jpg
Other	dependencies/dataset\Sorted_Images_II\test\00P2E00001hE0EgUAK.jpg
Other	dependencies/dataset\Sorted_Images_II\test\00P2E00001hCheVUAS.jpg
tape tearing	dependencies/dataset\Sorted_Images_II\test\00P2E00001hChOZUA0.jpg
back ear tearing	dependencies/dataset\Sorted_Images_II\test\00P2E00001gkfaEUAQ.jpg
back ear tearing	dependencies/dataset\Sorted_Images_II\test\00P2E00001glpMJUAY.jpg
back ear tearing	dependencies/dataset\Sorted_Images_II\test\0692E000009ulcZQAQ.jpg
front ear tearing	dependencies/dataset\Sorted_Images_II\test\00P2E00001hDyfeUAC.jpg
Other	dependencies/dataset\Sorted_Images_II\test\00P2E00001hBRmGUAW.jpg
tape tearing	dependencies/dataset\Sorted_Images_II\test\00P2E00001hESqfUAG.jpg
front ear tearing	dependencies/dataset\Sorted_Images_II\test\00P2E00001gkmQ4UAI.jpg
front ear tearing	dependencies/dataset\Sorted_Images_II\test\00P2E00001hCeZYUA0.jpg
back ear tearing	dependencies/dataset\Sorted_Images_II\test\00P2E00001hE8CYUA0.jpg
front ear tearing	dependencies/dataset\Sorted_Images_II\test\00P2E00001hE8sBUAS.jpg
back ear tearing	dependencies/dataset\Sorted_Images_II\test\00P2E00001gk3uEUAQ.jpg
Other	dependencies/dataset\Sorted_Images_II\test\00P2E00001hE5RjUAK.jpg
tape tearing	dependencies/dataset\Sorted_Images_II\test\00P2E00001hCgHsUAK.jpg
front ear tearing	dependencies/dataset\Sorted_Images_II\test\00P2E00001hDISrUAO.jpg
Other	dependencies/dataset\Sorted_Images_II\test\00P2E00001hBeIUUA0.jpg
front ear tearing	dependencies/dataset\Sorted_Images_II\test\00P2E00001hCr97UAC.jpg
back ear tearing	dependencies/dataset\Sorted_Images_II\test\00P2E00001hBSV5UAO.jpg
back ear tearing	dependencies/dataset\Sorted_Images_II\test\00P2E00001hEKaAUAW.jpg
Other	dependencies/dataset\Sorted_Images_II\test\00P2E00001hBPqiUAG.jpg
back ear tearing	dependencies/dataset\Sorted_Images_II\test\00P2E00001gjRfCUAU.jpg
Other	dependencies/dataset\Sorted_Images_II\test\00P2E00001hDy55UAC.jpg
Other	dependencies/dataset\Sorted_Images_II\test\00P2E00001hDyYrUAK.jpg
back ear tearing	dependencies/dataset\Sorted_Images_II\test\00P2E00001hERRtUAO.jpg
front ear tearing	dependencies/dataset\Sorted_Images_II\test\00P2E00001hEbc0UAC.jpg
Other	dependencies/dataset\Sorted_Images_II\test\00P2E00001hE08RUAS.jpg
tape tearing	dependencies/dataset\Sorted_Images_II\test\00P2E00001hETCAUA4.jpg
front ear tearing	dependencies/dataset\Sorted_Images_II\test\00P2E00001gjVI3UAM.jpg
Other	dependencies/dataset\Sorted_Images_II\test\0692E000009utHqQAI.jpg
Other	dependencies/dataset\Sorted_Images_II\test\00P2E00001hBNM7UAO.jpg
front ear tearing	dependencies/dataset\Sorted_Images_II\test\00P2E00001hCOsRUAW.jpg
back ear tearing	dependencies/dataset\Sorted_Images_II\test\00P2E00001hE0Q7UAK.jpg
front ear tearing	dependencies/dataset\Sorted_Images_II\test\00P2E00001hBLirUAG.jpg
Other	dependencies/dataset\Sorted_Images_II\test\00P2E00001glDfVUAU.jpg
back ear tearing	dependencies/dataset\Sorted_Images_II\test\00P2E00001gjjUyUAI.jpg
front ear tearing	dependencies/dataset\Sorted_Images_II\test\00P2E00001hCiZxUAK.jpg
front ear tearing	dependencies/dataset\Sorted_Images_II\test\00P2E00001gjYZJUA2.jpg
back ear tearing	dependencies/dataset\Sorted_Images_II\test\00P2E00001hBKTGUA4.jpg
front ear tearing	dependencies/dataset\Sorted_Images_II\test\00P2E00001hCcJ6UAK.jpg
back ear tearing	dependencies/dataset\Sorted_Images_II\test\00P2E00001hn6MaUAI.jpg
front ear tearing	dependencies/dataset\Sorted_Images_II\test\00P2E00001hEyGIUA0.jpg
front ear tearing	dependencies/dataset\Sorted_Images_II\test\00P2E00001hBvuZUAS.jpg
front ear tearing	dependencies/dataset\Sorted_Images_II\test\00P2E00001hEE0WUAW.jpg
front ear tearing	dependencies/dataset\Sorted_Images_II\test\00P2E00001hF7GIUA0.jpg
Other	dependencies/dataset\Sorted_Images_II\test\00P2E00001hEgDGUA0.jpg
back ear tearing	dependencies/dataset\Sorted_Images_II\test\00P2E00001hCAaGUAW.jpg
back ear tearing	dependencies/dataset\Sorted_Images_II\test\00P2E00001hE3rcUAC.jpg
Other	dependencies/dataset\Sorted_Images_II\test\00P2E00001gjCZZUA2.jpg
Other	dependencies/dataset\Sorted_Images_II\test\00P2E00001hBWJsUAO.jpg
back ear tearing	dependencies/dataset\Sorted_Images_II\test\0692E000009FmTPQA0.jpg
back ear tearing	dependencies/dataset\Sorted_Images_II\test\00P2E00001hE44OUAS.jpg
Other	dependencies/dataset\Sorted_Images_II\test\00P2E00001gk7Y0UAI.jpg
Other	dependencies/dataset\Sorted_Images_II\test\00P2E00001hCS4tUAG.jpg
tape tearing	dependencies/dataset\Sorted_Images_II\test\00P2E00001hCcJ8UAK.jpg
front ear tearing	dependencies/dataset\Sorted_Images_II\test\00P2E00001gkTmyUAE.jpg
front ear tearing	dependencies/dataset\Sorted_Images_II\test\00P2E00001hChzkUAC.jpg
Other	dependencies/dataset\Sorted_Images_II\test\00P2E00001hDzDqUAK.jpg
Other	dependencies/dataset\Sorted_Images_II\test\00P2E00001hE5DsUAK.jpg
Other	dependencies/dataset\Sorted_Images_II\test\00P2E00001hBtDzUAK.jpg
front ear tearing	dependencies/dataset\Sorted_Images_II\test\00P2E00001hETXEUA4.jpg
back ear tearing	dependencies/dataset\Sorted_Images_II\test\00P2E00001gljp5UAA.jpg
Other	dependencies/dataset\Sorted_Images_II\test\00P2E00001hCga8UAC.jpg
front ear tearing	dependencies/dataset\Sorted_Images_II\test\00P2E00001hF8coUAC.jpg
Other	dependencies/dataset\Sorted_Images_II\test\00P2E00001hBRawUAG.jpg
Other	dependencies/dataset\Sorted_Images_II\test\00P2E00001gko6AUAQ.jpg
tape tearing	dependencies/dataset\Sorted_Images_II\test\00P2E00001glUtDUAU.jpg
back ear tearing	dependencies/dataset\Sorted_Images_II\test\0692E000009uqezQAA.jpg
back ear tearing	dependencies/dataset\Sorted_Images_II\test\00P2E00001gjBYDUA2.jpg
hook missing	dependencies/dataset\Sorted_Images_II\test\00P2E00001gjRfBUAU.jpg
tape tearing	dependencies/dataset\Sorted_Images_II\test\00P2E00001glvleUAA.jpg
tape tearing	dependencies/dataset\Sorted_Images_II\test\00P2E00001gjjbgUAA.jpg
back ear tearing	dependencies/dataset\Sorted_Images_II\test\00P2E00001hChIaUAK.jpg
tape tearing	dependencies/dataset\Sorted_Images_II\test\00P2E00001hE3GaUAK.jpg
tape tearing	dependencies/dataset\Sorted_Images_II\test\00P2E00001gkj6qUAA.jpg
front ear tearing	dependencies/dataset\Sorted_Images_II\test\00P2E00001hCA0uUAG.jpg
front ear tearing	dependencies/dataset\Sorted_Images_II\test\0692E000009ulA0QAI.jpg
front ear tearing	dependencies/dataset\Sorted_Images_II\test\00P2E00001hBeAMUA0.jpg
tape tearing	dependencies/dataset\Sorted_Images_II\test\0692E000009ukwIQAQ.jpg
front ear tearing	dependencies/dataset\Sorted_Images_II\test\00P2E00001hogUZUAY.jpg
front ear tearing	dependencies/dataset\Sorted_Images_II\test\00P2E00001hEO5zUAG.jpg
back ear tearing	dependencies/dataset\Sorted_Images_II\test\00P2E00001gljp4UAA.jpg
tape tearing	dependencies/dataset\Sorted_Images_II\test\00P2E00001gjDZvUAM.jpg
hook missing	dependencies/dataset\Sorted_Images_II\test\00P2E00001hDyXsUAK.jpg
Other	dependencies/dataset\Sorted_Images_II\test\00P2E00001hBRmFUAW.jpg
front ear tearing	dependencies/dataset\Sorted_Images_II\test\00P2E00001hE8ByUAK.jpg
Other	dependencies/dataset\Sorted_Images_II\test\00P2E00001hC49bUAC.jpg
front ear tearing	dependencies/dataset\Sorted_Images_II\test\00P2E00001hF8cUUAS.jpg
Other	dependencies/dataset\Sorted_Images_II\test\00P2E00001hFLWHUA4.jpg
back ear tearing	dependencies/dataset\Sorted_Images_II\test\00P2E00001hEpjoUAC.jpg
Other	dependencies/dataset\Sorted_Images_II\test\00P2E00001hE3K5UAK.jpg
front ear tearing	dependencies/dataset\Sorted_Images_II\test\00P2E00001hCZFvUAO.jpg
Other	dependencies/dataset\Sorted_Images_II\test\00P2E00001gjY6UUAU.jpg
front ear tearing	dependencies/dataset\Sorted_Images_II\test\00P2E00001glFTjUAM.jpg
tape tearing	dependencies/dataset\Sorted_Images_II\test\00P2E00001hCxw5UAC.jpg
tape tearing	dependencies/dataset\Sorted_Images_II\test\00P2E00001hE0EfUAK.jpg
tape tearing	dependencies/dataset\Sorted_Images_II\test\00P2E00001hE3hwUAC.jpg
Other	dependencies/dataset\Sorted_Images_II\test\00P2E00001gkojgUAA.jpg
Other	dependencies/dataset\Sorted_Images_II\test\00P2E00001hE7mWUAS.jpg
tape tearing	dependencies/dataset\Sorted_Images_II\test\00P2E00001hE5DrUAK.jpg
back ear tearing	dependencies/dataset\Sorted_Images_II\test\00P2E00001hogUXUAY.jpg
front ear tearing	dependencies/dataset\Sorted_Images_II\test\00P2E00001gjC8gUAE.jpg
front ear tearing	dependencies/dataset\Sorted_Images_II\test\00P2E00001hE7pfUAC.jpg
front ear tearing	dependencies/dataset\Sorted_Images_II\test\0692E000009ulIDQAY.jpg
back ear tearing	dependencies/dataset\Sorted_Images_II\test\00P2E00001hE5EDUA0.jpg
tape tearing	dependencies/dataset\Sorted_Images_II\test\00P2E00001hEhWOUA0.jpg
back ear tearing	dependencies/dataset\Sorted_Images_II\test\00P2E00001glSByUAM.jpg
tape tearing	dependencies/dataset\Sorted_Images_II\test\00P2E00001gk3sKUAQ.jpg
back ear tearing	dependencies/dataset\Sorted_Images_II\test\00P2E00001gkjGGUAY.jpg
Other	dependencies/dataset\Sorted_Images_II\test\00P2E00001hC9ywUAC.jpg
Other	dependencies/dataset\Sorted_Images_II\test\00P2E00001hCinTUAS.jpg
front ear tearing	dependencies/dataset\Sorted_Images_II\test\00P2E00001glxa1UAA.jpg
back ear tearing	dependencies/dataset\Sorted_Images_II\test\00P2E00001hCdDTUA0.jpg
front ear tearing	dependencies/dataset\Sorted_Images_II\test\00P2E00001hDy57UAC.jpg
Other	dependencies/dataset\Sorted_Images_II\test\00P2E00001hE44PUAS.jpg
tape tearing	dependencies/dataset\Sorted_Images_II\test\00P2E00001hDzWhUAK.jpg
back ear tearing	dependencies/dataset\Sorted_Images_II\test\00P2E00001gjPfMUAU.jpg
back ear tearing	dependencies/dataset\Sorted_Images_II\test\00P2E00001gjQOgUAM.jpg
back ear tearing	dependencies/dataset\Sorted_Images_II\test\00P2E00001glTOBUA2.jpg
Other	dependencies/dataset\Sorted_Images_II\test\0692E000009usdSQAQ.jpg
front ear tearing	dependencies/dataset\Sorted_Images_II\test\00P2E00001hCBCbUAO.jpg
tape tearing	dependencies/dataset\Sorted_Images_II\test\00P2E00001glKD0UAM.jpg
Other	dependencies/dataset\Sorted_Images_II\test\00P2E00001hDyI3UAK.jpg
back ear tearing	dependencies/dataset\Sorted_Images_II\test\00P2E00001gkk3mUAA.jpg
back ear tearing	dependencies/dataset\Sorted_Images_II\test\00P2E00001gknU0UAI.jpg
tape tearing	dependencies/dataset\Sorted_Images_II\test\0692E000009us2ZQAQ.jpg
Other	dependencies/dataset\Sorted_Images_II\test\00P2E00001hDyS0UAK.jpg
front ear tearing	dependencies/dataset\Sorted_Images_II\test\00P2E00001gko07UAA.jpg
back ear tearing	dependencies/dataset\Sorted_Images_II\test\00P2E00001hBvRsUAK.jpg
Other	dependencies/dataset\Sorted_Images_II\test\00P2E00001hE3Q6UAK.jpg
back ear tearing	dependencies/dataset\Sorted_Images_II\test\00P2E00001glZtRUAU.jpg
Other	dependencies/dataset\Sorted_Images_II\test\00P2E00001hE5DpUAK.jpg
Other	dependencies/dataset\Sorted_Images_II\test\00P2E00001hEeswUAC.jpg
front ear tearing	dependencies/dataset\Sorted_Images_II\test\00P2E00001glifuUAA.jpg
front ear tearing	dependencies/dataset\Sorted_Images_II\test\00P2E00001gkU5PUAU.jpg
Other	dependencies/dataset\Sorted_Images_II\test\00P2E00001gkoo9UAA.jpg
Other	dependencies/dataset\Sorted_Images_II\test\00P2E00001hE5MyUAK.jpg
front ear tearing	dependencies/dataset\Sorted_Images_II\test\0692E000009ulicQAA.jpg
back ear tearing	dependencies/dataset\Sorted_Images_II\test\00P2E00001gjIwSUAU.jpg
Other	dependencies/dataset\Sorted_Images_II\test\00P2E00001hETXFUA4.jpg
Other	dependencies/dataset\Sorted_Images_II\test\00P2E00001gjdMMUAY.jpg
tape tearing	dependencies/dataset\Sorted_Images_II\test\00P2E00001hBMxZUAW.jpg
Other	dependencies/dataset\Sorted_Images_II\test\00P2E00001gkA3NUAU.jpg
back ear tearing	dependencies/dataset\Sorted_Images_II\test\00P2E00001hEO2MUAW.jpg
front ear tearing	dependencies/dataset\Sorted_Images_II\test\00P2E00001hCpJxUAK.jpg
Other	dependencies/dataset\Sorted_Images_II\test\00P2E00001hE08SUAS.jpg
front ear tearing	dependencies/dataset\Sorted_Images_II\test\00P2E00001gjF0WUAU.jpg
Other	dependencies/dataset\Sorted_Images_II\test\00P2E00001hBQTDUA4.jpg
front ear tearing	dependencies/dataset\Sorted_Images_II\test\00P2E00001hE5EpUAK.jpg
Other	dependencies/dataset\Sorted_Images_II\test\00P2E00001hBeQcUAK.jpg
back ear tearing	dependencies/dataset\Sorted_Images_II\test\00P2E00001glT7ZUAU.jpg
front ear tearing	dependencies/dataset\Sorted_Images_II\test\00P2E00001hE3loUAC.jpg
tape tearing	dependencies/dataset\Sorted_Images_II\test\00P2E00001gjV5HUAU.jpg
front ear tearing	dependencies/dataset\Sorted_Images_II\test\00P2E00001hCAOiUAO.jpg
back ear tearing	dependencies/dataset\Sorted_Images_II\test\00P2E00001hD2bJUAS.jpg
front ear tearing	dependencies/dataset\Sorted_Images_II\test\00P2E00001hDmNlUAK.jpg
back ear tearing	dependencies/dataset\Sorted_Images_II\test\00P2E00001hEKaCUAW.jpg
front ear tearing	dependencies/dataset\Sorted_Images_II\test\00P2E00001hCPglUAG.jpg
Other	dependencies/dataset\Sorted_Images_II\test\00P2E00001gjVI2UAM.jpg
front ear tearing	dependencies/dataset\Sorted_Images_II\test\00P2E00001hCpJyUAK.jpg
Other	dependencies/dataset\Sorted_Images_II\test\00P2E00001hDerEUAS.jpg
back ear tearing	dependencies/dataset\Sorted_Images_II\test\00P2E00001gjDnjUAE.jpg
Other	dependencies/dataset\Sorted_Images_II\test\00P2E00001hFKFwUAO.jpg
Other	dependencies/dataset\Sorted_Images_II\test\00P2E00001hBeQbUAK.jpg
front ear tearing	dependencies/dataset\Sorted_Images_II\test\00P2E00001glceXUAQ.jpg
back ear tearing	dependencies/dataset\Sorted_Images_II\test\0692E000009usr2QAA.jpg
front ear tearing	dependencies/dataset\Sorted_Images_II\test\00P2E00001hCA0xUAG.jpg
back ear tearing	dependencies/dataset\Sorted_Images_II\test\00P2E00001hE3hlUAC.jpg
Other	dependencies/dataset\Sorted_Images_II\test\00P2E00001gkmnlUAA.jpg
Other	dependencies/dataset\Sorted_Images_II\test\00P2E00001hCyUeUAK.jpg
back ear tearing	dependencies/dataset\Sorted_Images_II\test\00P2E00001hEb2qUAC.jpg
front ear tearing	dependencies/dataset\Sorted_Images_II\test\00P2E00001gjff4UAA.jpg
Other	dependencies/dataset\Sorted_Images_II\test\00P2E00001hE52qUAC.jpg
tape tearing	dependencies/dataset\Sorted_Images_II\test\00P2E00001gjV5FUAU.jpg
front ear tearing	dependencies/dataset\Sorted_Images_II\test\00P2E00001gjF0XUAU.jpg
Other	dependencies/dataset\Sorted_Images_II\test\0692E000009ulMBQAY.jpg
back ear tearing	dependencies/dataset\Sorted_Images_II\test\00P2E00001hDbZxUAK.jpg
back ear tearing	dependencies/dataset\Sorted_Images_II\test\00P2E00001hCdNhUAK.jpg
Other	dependencies/dataset\Sorted_Images_II\test\00P2E00001hE4xrUAC.jpg
tape tearing	dependencies/dataset\Sorted_Images_II\test\0692E000009vLkpQAE.jpg
Other	dependencies/dataset\Sorted_Images_II\test\0692E000009v34KQAQ.jpg
Other	dependencies/dataset\Sorted_Images_II\test\00P2E00001hFDvwUAG.jpg
tape tearing	dependencies/dataset\Sorted_Images_II\test\00P2E00001hBeB4UAK.jpg
Other	dependencies/dataset\Sorted_Images_II\test\00P2E00001hCcJ7UAK.jpg
back ear tearing	dependencies/dataset\Sorted_Images_II\test\00P2E00001hBeQZUA0.jpg
back ear tearing	dependencies/dataset\Sorted_Images_II\test\00P2E00001gkjPhUAI.jpg
front ear tearing	dependencies/dataset\Sorted_Images_II\test\00P2E00001hE38ZUAS.jpg
Other	dependencies/dataset\Sorted_Images_II\test\00P2E00001hDynsUAC.jpg
back ear tearing	dependencies/dataset\Sorted_Images_II\test\00P2E00001hE5J9UAK.jpg
front ear tearing	dependencies/dataset\Sorted_Images_II\test\00P2E00001hC87xUAC.jpg
tape tearing	dependencies/dataset\Sorted_Images_II\test\00P2E00001hES81UAG.jpg
Other	dependencies/dataset\Sorted_Images_II\test\00P2E00001gjdfjUAA.jpg
front ear tearing	dependencies/dataset\Sorted_Images_II\test\0692E000009utHrQAI.jpg
back ear tearing	dependencies/dataset\Sorted_Images_II\test\00P2E00001hBRW0UAO.jpg
Other	dependencies/dataset\Sorted_Images_II\test\00P2E00001gkFD5UAM.jpg
back ear tearing	dependencies/dataset\Sorted_Images_II\test\00P2E00001gjlGoUAI.jpg
back ear tearing	dependencies/dataset\Sorted_Images_II\test\00P2E00001hChDwUAK.jpg
front ear tearing	dependencies/dataset\Sorted_Images_II\test\00P2E00001hD3TkUAK.jpg
Other	dependencies/dataset\Sorted_Images_II\test\00P2E00001hE06aUAC.jpg
front ear tearing	dependencies/dataset\Sorted_Images_II\test\00P2E00001hChQPUA0.jpg
back ear tearing	dependencies/dataset\Sorted_Images_II\test\00P2E00001hEKOHUA4.jpg
tape tearing	dependencies/dataset\Sorted_Images_II\test\00P2E00001hEQi3UAG.jpg
front ear tearing	dependencies/dataset\Sorted_Images_II\test\00P2E00001hCA0tUAG.jpg
tape tearing	dependencies/dataset\Sorted_Images_II\test\00P2E00001hDf9pUAC.jpg
back ear tearing	dependencies/dataset\Sorted_Images_II\test\00P2E00001hBvtBUAS.jpg
front ear tearing	dependencies/dataset\Sorted_Images_II\test\00P2E00001gjdefUAA.jpg
tape tearing	dependencies/dataset\Sorted_Images_II\test\00P2E00001hCdYmUAK.jpg
front ear tearing	dependencies/dataset\Sorted_Images_II\test\00P2E00001hE38aUAC.jpg
back ear tearing	dependencies/dataset\Sorted_Images_II\test\00P2E00001hCutkUAC.jpg
tape tearing	dependencies/dataset\Sorted_Images_II\test\0692E000009ulMcQAI.jpg
tape tearing	dependencies/dataset\Sorted_Images_II\test\00P2E00001hC4tPUAS.jpg
tape tearing	dependencies/dataset\Sorted_Images_II\test\0692E000009EaeEQAS.jpg
back ear tearing	dependencies/dataset\Sorted_Images_II\test\00P2E00001hCdY9UAK.jpg
Other	dependencies/dataset\Sorted_Images_II\test\00P2E00001hDyXFUA0.jpg
Other	dependencies/dataset\Sorted_Images_II\test\00P2E00001hChOYUA0.jpg
Other	dependencies/dataset\Sorted_Images_II\test\00P2E00001hCHRGUA4.jpg
front ear tearing	dependencies/dataset\Sorted_Images_II\test\00P2E00001hCga9UAC.jpg
back ear tearing	dependencies/dataset\Sorted_Images_II\test\00P2E00001hBPVLUA4.jpg
tape tearing	dependencies/dataset\Sorted_Images_II\test\00P2E00001hETCBUA4.jpg
Other	dependencies/dataset\Sorted_Images_II\test\00P2E00001hCPDUUA4.jpg
tape tearing	dependencies/dataset\Sorted_Images_II\test\00P2E00001hBhDwUAK.jpg
back ear tearing	dependencies/dataset\Sorted_Images_II\test\00P2E00001hBR28UAG.jpg
back ear tearing	dependencies/dataset\Sorted_Images_II\test\00P2E00001hCvwlUAC.jpg
Other	dependencies/dataset\Sorted_Images_II\test\00P2E00001gjIoKUAU.jpg
front ear tearing	dependencies/dataset\Sorted_Images_II\test\00P2E00001hDbTuUAK.jpg
